[{"model": "accounts.quiz", "pk": 7, "fields": {"user": 3, "title": "\u0427\u0442\u043e \u0442\u0430\u043a\u043e\u0435 Python?", "description": "\u041f\u0440\u043e\u0432\u0435\u0440\u043a\u0430 \u0437\u043d\u0430\u043d\u0438\u0439 \u044f\u0437\u044b\u043a\u0430 Python", "counter_pass": 0, "created_at": "2020-07-14T16:25:16.063Z"}}, {"model": "accounts.quiz", "pk": 8, "fields": {"user": 3, "title": "\u0413\u043e\u0440\u043e\u0434\u0430 \u0418\u0442\u0430\u043b\u0438\u0438", "description": "\u041f\u0440\u043e\u0432\u0435\u0440\u043a\u0430 \u0437\u043d\u0430\u043d\u0438\u0439 \u043e \u0418\u0442\u0430\u043b\u0438\u0438", "counter_pass": 0, "created_at": "2020-07-14T16:36:09.951Z"}}, {"model": "accounts.question", "pk": 56, "fields": {"quiz": 7, "text": "\u041a\u0430\u043a \u043f\u043e\u043b\u0443\u0447\u0438\u0442\u044c \u0434\u0430\u043d\u043d\u044b\u0435 \u043e\u0442 \u043f\u043e\u043b\u044c\u0437\u043e\u0432\u0430\u0442\u0435\u043b\u044f?"}}, {"model": "accounts.question", "pk": 57, "fields": {"quiz": 7, "text": "\u041a\u0430\u043a\u0430\u044f \u0444\u0443\u043d\u043a\u0446\u0438\u044f \u0432\u044b\u0432\u043e\u0434\u0438\u0442 \u0447\u0442\u043e-\u043b\u0438\u0431\u043e \u0432 \u043a\u043e\u043d\u0441\u043e\u043b\u044c?"}}, {"model": "accounts.question", "pk": 58, "fields": {"quiz": 7, "text": "\u041a\u0430\u043a\u0430\u044f \u0431\u0438\u0431\u043b\u0438\u043e\u0442\u0435\u043a\u0430 \u043e\u0442\u0432\u0435\u0447\u0430\u0435\u0442 \u0437\u0430 \u0432\u0440\u0435\u043c\u044f?"}}, {"model": "accounts.question", "pk": 59, "fields": {"quiz": 7, "text": "\u0421\u043a\u043e\u043b\u044c\u043a\u043e \u0431\u0438\u0431\u043b\u0438\u043e\u0442\u0435\u043a \u043c\u043e\u0436\u043d\u043e \u0438\u043c\u043f\u043e\u0440\u0442\u0438\u0440\u043e\u0432\u0430\u0442\u044c \u0432 \u043e\u0434\u0438\u043d \u043f\u0440\u043e\u0435\u043a\u0442?"}}, {"model": "accounts.question", "pk": 60, "fields": {"quiz": 7, "text": "\u0413\u0434\u0435 \u043f\u0440\u0430\u0432\u0438\u043b\u044c\u043d\u043e \u0441\u043e\u0437\u0434\u0430\u043d\u0430 \u043f\u0435\u0440\u0435\u043c\u0435\u043d\u043d\u0430\u044f?"}}, {"model": "accounts.question", "pk": 69, "fields": {"quiz": 8, "text": "\u041a\u0430\u043a\u043e\u0439 \u0433\u043e\u0440\u043e\u0434 \u044f\u0432\u043b\u044f\u0435\u0442\u0441\u044f \u0441\u0442\u043e\u043b\u0438\u0446\u0435\u0439 \u0418\u0442\u0430\u043b\u0438\u0438?"}}, {"model": "accounts.question", "pk": 70, "fields": {"quiz": 8, "text": "\u041a\u0430\u043a\u043e\u0439 \u043f\u0440\u0435\u0434\u043c\u0435\u0442 \u043d\u0430\u043f\u043e\u043c\u0438\u043d\u0430\u0435\u0442 \u0418\u0442\u0430\u043b\u0438\u044f \u043d\u0430 \u043a\u0430\u0440\u0442\u0435?"}}, {"model": "accounts.question", "pk": 71, "fields": {"quiz": 8, "text": "\u041a\u0430\u043a \u043d\u0430\u0437\u044b\u0432\u0430\u0435\u0442\u0441\u044f \u0433\u043e\u0440\u043e\u0434, \u0438\u0437\u0440\u0435\u0437\u0430\u043d\u043d\u044b\u0439 \u043c\u043d\u043e\u0433\u043e\u0447\u0438\u0441\u043b\u0435\u043d\u043d\u044b\u043c\u0438 \u043a\u0430\u043d\u0430\u043b\u0430\u043c\u0438?"}}, {"model": "accounts.question", "pk": 72, "fields": {"quiz": 8, "text": "\u0412\u043e\u0437\u043b\u0435 \u043a\u0430\u043a\u043e\u0433\u043e \u0432\u0443\u043b\u043a\u0430\u043d\u0430 \u0440\u0430\u0441\u043f\u043e\u043b\u043e\u0436\u0435\u043d \u043c\u043e\u0440\u0441\u043a\u043e\u0439 \u0433\u043e\u0440\u043e\u0434 \u041d\u0435\u0430\u043f\u043e\u043b\u044c?"}}, {"model": "accounts.question", "pk": 73, "fields": {"quiz": 8, "text": "\u041a\u0430\u043a \u043d\u0430\u0437\u044b\u0432\u0430\u0435\u0442\u0441\u044f \u0441\u0430\u043c\u044b\u0439 \u043a\u0440\u0443\u043f\u043d\u044b\u0439 \u0438 \u043a\u0440\u0430\u0441\u0438\u0432\u044b\u0439 \u0433\u043e\u0440\u043e\u0434 \u0421\u0438\u0446\u0438\u043b\u0438\u0438?"}}, {"model": "accounts.question", "pk": 74, "fields": {"quiz": 8, "text": "\u041a\u0430\u043a\u043e\u0439 \u0440\u0435\u0433\u0438\u043e\u043d \u0418\u0442\u0430\u043b\u0438\u0438 \u044f\u0432\u043b\u044f\u0435\u0442\u0441\u044f \u044d\u043a\u043e\u043d\u043e\u043c\u0438\u0447\u0435\u0441\u043a\u0438 \u0431\u043e\u043b\u0435\u0435 \u0440\u0430\u0437\u0432\u0438\u0442\u044b\u043c?"}}, {"model": "accounts.question", "pk": 75, "fields": {"quiz": 8, "text": "\u041a\u0430\u043a\u0443\u044e \u0440\u0435\u043b\u0438\u0433\u0438\u044e \u0438\u0441\u043f\u043e\u0432\u0435\u0434\u0443\u0435\u0442 \u043f\u043e\u0434\u0430\u0432\u043b\u044f\u044e\u0449\u0435\u0435 \u0431\u043e\u043b\u044c\u0448\u0438\u043d\u0441\u0442\u0432\u043e \u0438\u0442\u0430\u043b\u044c\u044f\u043d\u0446\u0435\u0432?"}}, {"model": "accounts.question", "pk": 76, "fields": {"quiz": 8, "text": "\u041a\u0430\u043a\u043e\u0439 \u043f\u0440\u043e\u0446\u0435\u043d\u0442 \u0441\u043e\u0441\u0442\u0430\u0432\u043b\u044f\u044e\u0442 \u043a\u043e\u0440\u0435\u043d\u043d\u044b\u0435 \u0438\u0442\u0430\u043b\u044c\u044f\u043d\u0446\u044b \u0432 \u0418\u0442\u0430\u043b\u0438\u0438?"}}, {"model": "accounts.answer", "pk": 144, "fields": {"question": 56, "text": "\u0418\u0441\u043f\u043e\u043b\u044c\u0437\u043e\u0432\u0430\u0442\u044c \u043c\u0435\u0442\u043e\u0434 readLine()", "is_correct": false}}, {"model": "accounts.answer", "pk": 145, "fields": {"question": 56, "text": "\u0418\u0441\u043f\u043e\u043b\u044c\u0437\u043e\u0432\u0430\u0442\u044c \u043c\u0435\u0442\u043e\u0434 cin()", "is_correct": false}}, {"model": "accounts.answer", "pk": 146, "fields": {"question": 56, "text": "\u0418\u0441\u043f\u043e\u043b\u044c\u0437\u043e\u0432\u0430\u0442\u044c \u043c\u0435\u0442\u043e\u0434 input()", "is_correct": true}}, {"model": "accounts.answer", "pk": 147, "fields": {"question": 56, "text": "\u0418\u0441\u043f\u043e\u043b\u044c\u0437\u043e\u0432\u0430\u0442\u044c \u043c\u0435\u0442\u043e\u0434 get()", "is_correct": false}}, {"model": "accounts.answer", "pk": 148, "fields": {"question": 57, "text": "print();", "is_correct": true}}, {"model": "accounts.answer", "pk": 149, "fields": {"question": 57, "text": "out();", "is_correct": false}}, {"model": "accounts.answer", "pk": 150, "fields": {"question": 57, "text": "log();", "is_correct": false}}, {"model": "accounts.answer", "pk": 151, "fields": {"question": 57, "text": "write();", "is_correct": false}}, {"model": "accounts.answer", "pk": 152, "fields": {"question": 58, "text": "Time", "is_correct": false}}, {"model": "accounts.answer", "pk": 153, "fields": {"question": 58, "text": "time", "is_correct": true}}, {"model": "accounts.answer", "pk": 154, "fields": {"question": 58, "text": "localtime", "is_correct": false}}, {"model": "accounts.answer", "pk": 155, "fields": {"question": 58, "text": "clock", "is_correct": false}}, {"model": "accounts.answer", "pk": 156, "fields": {"question": 59, "text": "\u041d\u0435 \u0431\u043e\u043b\u0435\u0435 10", "is_correct": false}}, {"model": "accounts.answer", "pk": 157, "fields": {"question": 59, "text": "\u041d\u0435\u043e\u0433\u0440\u0430\u043d\u0438\u0447\u0435\u043d\u043d\u043e\u0435 \u043a\u043e\u043b\u0438\u0447\u0435\u0441\u0442\u0432\u043e", "is_correct": true}}, {"model": "accounts.answer", "pk": 158, "fields": {"question": 59, "text": "\u041d\u0435 \u0431\u043e\u043b\u0435\u0435 3", "is_correct": false}}, {"model": "accounts.answer", "pk": 159, "fields": {"question": 59, "text": "\u041d\u0435 \u0431\u043e\u043b\u0435\u0435 23", "is_correct": false}}, {"model": "accounts.answer", "pk": 160, "fields": {"question": 60, "text": "int num = 2", "is_correct": false}}, {"model": "accounts.answer", "pk": 161, "fields": {"question": 60, "text": "num = float(2)", "is_correct": true}}, {"model": "accounts.answer", "pk": 162, "fields": {"question": 60, "text": "var num = 2", "is_correct": false}}, {"model": "accounts.answer", "pk": 163, "fields": {"question": 60, "text": "\u041d\u0435\u0442 \u043f\u043e\u0434\u0445\u043e\u0434\u044f\u0449\u0435\u0433\u043e \u0432\u0430\u0440\u0438\u0430\u043d\u0442\u0430", "is_correct": false}}, {"model": "accounts.answer", "pk": 164, "fields": {"question": 69, "text": "\u041d\u0435\u0430\u043f\u043e\u043b\u044c", "is_correct": false}}, {"model": "accounts.answer", "pk": 165, "fields": {"question": 69, "text": "\u041c\u0438\u043b\u0430\u043d", "is_correct": false}}, {"model": "accounts.answer", "pk": 166, "fields": {"question": 69, "text": "\u0420\u0438\u043c", "is_correct": true}}, {"model": "accounts.answer", "pk": 167, "fields": {"question": 69, "text": "\u0424\u043b\u043e\u0440\u0435\u043d\u0446\u0438\u044f", "is_correct": false}}, {"model": "accounts.answer", "pk": 168, "fields": {"question": 70, "text": "\u041a\u0430\u0441\u0442\u0440\u044e\u043b\u044f", "is_correct": false}}, {"model": "accounts.answer", "pk": 169, "fields": {"question": 70, "text": "\u0421\u0430\u043f\u043e\u0433", "is_correct": true}}, {"model": "accounts.answer", "pk": 170, "fields": {"question": 70, "text": "\u041a\u043e\u0448\u0435\u043b\u0435\u043a", "is_correct": false}}, {"model": "accounts.answer", "pk": 171, "fields": {"question": 70, "text": "\u0428\u043b\u044f\u043f\u0430", "is_correct": false}}, {"model": "accounts.answer", "pk": 172, "fields": {"question": 71, "text": "\u0421\u0430\u043d-\u0420\u0435\u043c\u043e", "is_correct": false}}, {"model": "accounts.answer", "pk": 173, "fields": {"question": 71, "text": "\u0424\u043b\u043e\u0440\u0435\u043d\u0446\u0438\u044f", "is_correct": false}}, {"model": "accounts.answer", "pk": 174, "fields": {"question": 71, "text": "\u0411\u0435\u0440\u0433\u0430\u043c\u043e", "is_correct": false}}, {"model": "accounts.answer", "pk": 175, "fields": {"question": 71, "text": "\u0412\u0435\u043d\u0435\u0446\u0438\u044f", "is_correct": true}}, {"model": "accounts.answer", "pk": 176, "fields": {"question": 72, "text": "\u042d\u0442\u043d\u0430", "is_correct": false}}, {"model": "accounts.answer", "pk": 177, "fields": {"question": 72, "text": "\u0421\u0442\u0440\u043e\u043c\u0431\u043e\u043b\u0438", "is_correct": false}}, {"model": "accounts.answer", "pk": 178, "fields": {"question": 72, "text": "\u0412\u0435\u0437\u0443\u0432\u0438\u0439", "is_correct": true}}, {"model": "accounts.answer", "pk": 179, "fields": {"question": 72, "text": "\u0421\u043e\u043b\u044c\u0444\u0430\u0442\u0430\u0440\u0430", "is_correct": false}}, {"model": "accounts.answer", "pk": 180, "fields": {"question": 73, "text": "\u041f\u0430\u043b\u0435\u0440\u043c\u043e", "is_correct": true}}, {"model": "accounts.answer", "pk": 181, "fields": {"question": 73, "text": "\u0421\u0438\u0440\u0430\u043a\u0443\u0437\u044b", "is_correct": false}}, {"model": "accounts.answer", "pk": 182, "fields": {"question": 73, "text": "\u041a\u0430\u0442\u0430\u043d\u0438\u044f", "is_correct": false}}, {"model": "accounts.answer", "pk": 183, "fields": {"question": 73, "text": "\u0422\u0430\u043e\u0440\u043c\u0438\u043d\u0430", "is_correct": false}}, {"model": "accounts.answer", "pk": 184, "fields": {"question": 74, "text": "\u0421\u0435\u0432\u0435\u0440", "is_correct": true}}, {"model": "accounts.answer", "pk": 185, "fields": {"question": 74, "text": "\u042e\u0433", "is_correct": false}}, {"model": "accounts.answer", "pk": 186, "fields": {"question": 74, "text": "\u0417\u0430\u043f\u0430\u0434", "is_correct": false}}, {"model": "accounts.answer", "pk": 187, "fields": {"question": 74, "text": "\u0412\u043e\u0441\u0442\u043e\u043a", "is_correct": false}}, {"model": "accounts.answer", "pk": 188, "fields": {"question": 75, "text": "\u041f\u0440\u0430\u0432\u043e\u0441\u043b\u0430\u0432\u0438\u0435", "is_correct": false}}, {"model": "accounts.answer", "pk": 189, "fields": {"question": 75, "text": "\u0418\u0441\u043b\u0430\u043c", "is_correct": false}}, {"model": "accounts.answer", "pk": 190, "fields": {"question": 75, "text": "\u041a\u0430\u0442\u043e\u043b\u0438\u0446\u0438\u0437\u043c", "is_correct": true}}, {"model": "accounts.answer", "pk": 191, "fields": {"question": 75, "text": "\u0411\u0443\u0434\u0434\u0438\u0437\u043c", "is_correct": false}}, {"model": "accounts.answer", "pk": 192, "fields": {"question": 76, "text": "70%", "is_correct": false}}, {"model": "accounts.answer", "pk": 193, "fields": {"question": 76, "text": "80%", "is_correct": false}}, {"model": "accounts.answer", "pk": 194, "fields": {"question": 76, "text": "90%", "is_correct": true}}, {"model": "accounts.answer", "pk": 195, "fields": {"question": 76, "text": "100%", "is_correct": false}}]