[{"model": "tests.quiz", "pk": 2, "fields": {"user": 1, "title": "\u041a\u043e\u043d\u0442\u0440\u0440\u0435\u0444\u043e\u0440\u043c\u0430\u0446\u0438\u044f \u0432 \u0415\u0432\u0440\u043e\u043f\u0435", "description": "\u0422\u0435\u0441\u0442 \u043d\u0430 \u0437\u043d\u0430\u043d\u0438\u0435 \u0438\u0441\u0442\u043e\u0440\u0438\u0438 \u0415\u0432\u0440\u043e\u043f\u044b", "counter_pass": 0, "created_at": "2020-07-17T10:44:13.888Z"}}, {"model": "tests.quiz", "pk": 3, "fields": {"user": 1, "title": "\u041e\u0431\u044a\u0435\u0434\u0438\u043d\u0435\u043d\u0438\u0435 \u0418\u0442\u0430\u043b\u0438\u0438", "description": "\u0422\u0435\u0441\u0442 \u043d\u0430 \u0437\u043d\u0430\u043d\u0438\u0435 \u0438\u0441\u0442\u043e\u0440\u0438\u0438 \u0418\u0442\u0430\u043b\u0438\u0438", "counter_pass": 0, "created_at": "2020-07-17T10:49:34.885Z"}}, {"model": "tests.question", "pk": 6, "fields": {"quiz": 2, "text": "\u041a\u0430\u043a \u0434\u0430\u0442\u0438\u0440\u0443\u0435\u0442\u0441\u044f \u043d\u0430\u0447\u0430\u043b\u043e \u0420\u0435\u0444\u043e\u0440\u043c\u0430\u0446\u0438\u0438 \u0432 \u0437\u0430\u043f\u0430\u0434\u043d\u043e\u043c \u0445\u0440\u0438\u0441\u0442\u0438\u0430\u043d\u0441\u0442\u0432\u0435?"}}, {"model": "tests.question", "pk": 7, "fields": {"quiz": 2, "text": "\u0421 \u043a\u0430\u043a\u043e\u0433\u043e \u0441\u043e\u0431\u044b\u0442\u0438\u044f \u043e\u0442\u0441\u0447\u0438\u0442\u044b\u0432\u0430\u044e\u0442 \u043d\u0430\u0447\u0430\u043b\u0430 \u043a\u043e\u043d\u0442\u0440\u0440\u0435\u0444\u043e\u0440\u043c\u0430\u0446\u0438\u0438?"}}, {"model": "tests.question", "pk": 8, "fields": {"quiz": 2, "text": "\u041a\u0442\u043e \u0441\u043e\u0437\u0434\u0430\u043b \u043e\u0440\u0434\u0435\u043d \u043a\u0430\u0442\u043e\u043b\u0438\u0447\u0435\u0441\u043a\u0438\u0439 \u0438\u0435\u0437\u0443\u0438\u0442\u043e\u0432 \u0432 XVI \u0432\u0435\u043a\u0435?"}}, {"model": "tests.question", "pk": 9, "fields": {"quiz": 2, "text": "\u0430\u043a\u043e\u0435 \u0441\u043e\u0431\u044b\u0442\u0438\u0435 \u0441\u0447\u0438\u0442\u0430\u0435\u0442\u0441\u044f \u0434\u0430\u0442\u043e\u0439 \u043e\u043a\u043e\u043d\u0447\u0430\u043d\u0438\u044f \u043a\u043e\u043d\u0442\u0440\u0440\u0435\u0444\u043e\u0440\u043c\u0430\u0446\u0438\u0438?"}}, {"model": "tests.question", "pk": 10, "fields": {"quiz": 2, "text": "\u041f\u0440\u0438 \u043a\u0430\u043a\u043e\u043c \u041f\u0430\u043f\u0435 \u0420\u0438\u043c\u0441\u043a\u043e\u043c \u0441\u0442\u0430\u043b\u0438 \u043e\u0442\u043a\u0440\u044b\u0432\u0430\u0442\u044c\u0441\u044f \u0434\u0438\u043f\u043b\u043e\u043c\u0430\u0442\u0438\u0447\u0435\u0441\u043a\u0438\u0435 \u043f\u0440\u0435\u0434\u0441\u0442\u0430\u0432\u0438\u0442\u0435\u043b\u044c\u0441\u0442\u0432\u0430 \u0421\u0432\u044f\u0442\u043e\u0433\u043e \u041f\u0440\u0435\u0441\u0442\u043e\u043b\u0430?"}}, {"model": "tests.question", "pk": 11, "fields": {"quiz": 3, "text": "\u041a\u0430\u043a\u0438\u043c \u0442\u0435\u0440\u043c\u0438\u043d\u043e\u043c \u043d\u0430\u0437\u044b\u0432\u0430\u044e\u0442 \u043f\u0440\u043e\u0446\u0435\u0441\u0441 \u0431\u043e\u0440\u044c\u0431\u044b \u0438\u0442\u0430\u043b\u044c\u044f\u043d\u0446\u0435\u0432 \u0437\u0430 \u043e\u0431\u044a\u0435\u0434\u0438\u043d\u0435\u043d\u0438\u0435 \u0440\u0430\u0437\u0434\u0440\u043e\u0431\u043b\u0435\u043d\u043d\u043e\u0439 \u0418\u0442\u0430\u043b\u0438\u0438 \u0432 XIX \u0432\u0435\u043a\u0435?"}}, {"model": "tests.question", "pk": 12, "fields": {"quiz": 3, "text": "\u041a\u0430\u043a\u043e\u0439 \u0440\u0435\u0433\u0438\u043e\u043d \u0418\u0442\u0430\u043b\u0438\u0438 \u0441\u0442\u0430\u043b \u0446\u0435\u043d\u0442\u0440\u043e\u043c \u043e\u0431\u044a\u0435\u0434\u0438\u043d\u0435\u043d\u0438\u044f \u0441\u0442\u0440\u0430\u043d\u044b \u0432 1850-\u044b\u0435 \u0433\u043e\u0434\u044b?"}}, {"model": "tests.question", "pk": 13, "fields": {"quiz": 3, "text": "\u041a\u0430\u043a\u0430\u044f \u0432\u043e\u0439\u043d\u0430 \u0441\u043f\u043e\u0441\u043e\u0431\u0441\u0442\u0432\u043e\u0432\u0430\u043b\u0430 \u0432\u043e\u0441\u0441\u043e\u0435\u0434\u0438\u043d\u0435\u043d\u0438\u044e \u0420\u0438\u043c\u0430 \u0441 \u043a\u043e\u0440\u043e\u043b\u0435\u0432\u0441\u0442\u0432\u043e\u043c \u0418\u0442\u0430\u043b\u0438\u044f?"}}, {"model": "tests.question", "pk": 14, "fields": {"quiz": 3, "text": "\u041a\u0430\u043a\u043e\u0439 \u0433\u043e\u0440\u043e\u0434 \u0431\u044b\u043b \u0441\u0442\u043e\u043b\u0438\u0446\u0435\u0439 \u043a\u043e\u0440\u043e\u043b\u0435\u0432\u0441\u0442\u0432\u0430 \u0418\u0442\u0430\u043b\u0438\u044f \u0432 1865 \u043f\u043e 1871 \u0433\u043e\u0434?"}}, {"model": "tests.question", "pk": 15, "fields": {"quiz": 3, "text": "\u041a\u0430\u043a\u043e\u0435 \u0438\u0437 \u043f\u0435\u0440\u0435\u0447\u0438\u0441\u043b\u0435\u043d\u043d\u044b\u0445 \u0433\u043e\u0441\u0443\u0434\u0430\u0440\u0441\u0442\u0432 \u043d\u0430 \u0442\u0435\u0440\u0440\u0438\u0442\u043e\u0440\u0438\u0438 \u0418\u0442\u0430\u043b\u0438\u0438 \u0432 \u043f\u0435\u0440\u0432\u043e\u0439 \u043f\u043e\u043b\u043e\u0432\u0438\u043d\u0435 XIX \u0432\u0435\u043a\u0430 \u043d\u0435 \u0431\u044b\u043b\u043e \u0433\u0435\u0440\u0446\u043e\u0433\u0441\u0442\u0432\u043e\u043c?"}}, {"model": "tests.answer", "pk": 21, "fields": {"question": 6, "text": "1507", "is_correct": false}}, {"model": "tests.answer", "pk": 22, "fields": {"question": 6, "text": "1517", "is_correct": true}}, {"model": "tests.answer", "pk": 23, "fields": {"question": 6, "text": "1527", "is_correct": false}}, {"model": "tests.answer", "pk": 24, "fields": {"question": 6, "text": "1537", "is_correct": false}}, {"model": "tests.answer", "pk": 25, "fields": {"question": 7, "text": "\u041e\u0441\u043d\u043e\u0432\u0430\u043d\u0438\u0435 \u043e\u0440\u0434\u0435\u043d\u0430 \u0438\u0435\u0437\u0443\u0438\u0442\u043e\u0432", "is_correct": false}}, {"model": "tests.answer", "pk": 26, "fields": {"question": 7, "text": "\u0412\u043e\u0440\u043c\u0441\u0441\u043a\u0438\u0439 \u044d\u0434\u0438\u043a\u0442", "is_correct": false}}, {"model": "tests.answer", "pk": 27, "fields": {"question": 7, "text": "\u0421\u043e\u0436\u0436\u0435\u043d\u0438\u0435 \u041c\u0430\u0440\u0442\u0438\u043d\u043e\u043c \u041b\u044e\u0442\u0435\u0440\u043e\u043c \u043f\u0430\u043f\u0441\u043a\u043e\u0439 \u0431\u0443\u043b\u043b\u044b", "is_correct": false}}, {"model": "tests.answer", "pk": 28, "fields": {"question": 7, "text": "\u0422\u0440\u0438\u0434\u0435\u043d\u0442\u0441\u043a\u0438\u0439 \u0441\u043e\u0431\u043e\u0440", "is_correct": true}}, {"model": "tests.answer", "pk": 29, "fields": {"question": 8, "text": "\u0414\u0436\u0438\u0440\u043e\u043b\u0430\u043c\u043e \u0421\u0430\u0432\u043e\u043d\u0430\u0440\u043e\u043b\u0430", "is_correct": false}}, {"model": "tests.answer", "pk": 30, "fields": {"question": 8, "text": "\u0418\u0433\u043d\u0430\u0441\u0438\u043e \u041b\u043e\u0439\u043e\u043b\u0430", "is_correct": true}}, {"model": "tests.answer", "pk": 31, "fields": {"question": 8, "text": "\u0418\u0435\u0440\u043e\u043d\u0438\u043c \u041f\u0440\u0430\u0436\u0441\u043a\u0438\u0439", "is_correct": false}}, {"model": "tests.answer", "pk": 32, "fields": {"question": 8, "text": "\u0414\u0436\u0438\u0440\u043e\u043b\u0430\u043c\u043e \u0410\u043b\u0435\u0430\u043d\u0434\u0435\u0440", "is_correct": false}}, {"model": "tests.answer", "pk": 33, "fields": {"question": 9, "text": "\u041b\u044e\u0431\u0435\u043a\u0441\u043a\u0438\u0439 \u043c\u0438\u0440", "is_correct": false}}, {"model": "tests.answer", "pk": 34, "fields": {"question": 9, "text": "\u0413\u0430\u043c\u0431\u0443\u0440\u0433\u0441\u043a\u0438\u0439 \u043c\u0438\u0440", "is_correct": false}}, {"model": "tests.answer", "pk": 35, "fields": {"question": 9, "text": "\u041b\u0438\u043d\u0446\u0441\u043a\u0438\u0439 \u043c\u0438\u0440", "is_correct": false}}, {"model": "tests.answer", "pk": 36, "fields": {"question": 9, "text": "\u0412\u0435\u0441\u0442\u0444\u0430\u043b\u044c\u0441\u043a\u0438\u0439 \u043c\u0438\u0440", "is_correct": true}}, {"model": "tests.answer", "pk": 37, "fields": {"question": 10, "text": "\u041f\u0430\u0432\u0435\u043b III", "is_correct": false}}, {"model": "tests.answer", "pk": 38, "fields": {"question": 10, "text": "\u0410\u0434\u0440\u0438\u0430\u043d VI", "is_correct": false}}, {"model": "tests.answer", "pk": 39, "fields": {"question": 10, "text": "\u0413\u0440\u0438\u0433\u043e\u0440\u0438\u0439 XIII", "is_correct": true}}, {"model": "tests.answer", "pk": 40, "fields": {"question": 10, "text": "\u041f\u0438\u0439 XV", "is_correct": false}}, {"model": "tests.answer", "pk": 41, "fields": {"question": 11, "text": "\u0420\u0438\u0441\u043e\u0440\u0434\u0436\u0438\u043c\u0435\u043d\u0442\u043e", "is_correct": true}}, {"model": "tests.answer", "pk": 42, "fields": {"question": 11, "text": "\u041f\u0430\u043d\u0438\u0442\u0430\u043b\u0438\u0437\u043c", "is_correct": false}}, {"model": "tests.answer", "pk": 43, "fields": {"question": 11, "text": "\u0413\u0430\u0440\u0438\u0431\u0430\u043b\u044c\u0434\u0438\u0437\u043c", "is_correct": false}}, {"model": "tests.answer", "pk": 44, "fields": {"question": 11, "text": "\u0418\u0440\u0440\u0435\u0434\u0435\u043d\u0442\u0438\u0437\u043c", "is_correct": false}}, {"model": "tests.answer", "pk": 45, "fields": {"question": 12, "text": "\u0412\u0435\u043d\u0435\u0446\u0438\u044f", "is_correct": false}}, {"model": "tests.answer", "pk": 46, "fields": {"question": 12, "text": "\u0421\u0438\u0446\u0438\u043b\u0438\u044f", "is_correct": false}}, {"model": "tests.answer", "pk": 47, "fields": {"question": 12, "text": "\u0410\u043f\u0443\u043b\u0438\u044f", "is_correct": false}}, {"model": "tests.answer", "pk": 48, "fields": {"question": 12, "text": "\u041f\u044c\u0435\u043c\u043e\u043d\u0442", "is_correct": true}}, {"model": "tests.answer", "pk": 49, "fields": {"question": 13, "text": "\u041a\u0440\u044b\u043c\u0441\u043a\u0430\u044f \u0432\u043e\u0439\u043d\u0430", "is_correct": false}}, {"model": "tests.answer", "pk": 50, "fields": {"question": 13, "text": "\u0424\u0440\u0430\u043d\u043a\u043e-\u043f\u0440\u0443\u0441\u0441\u043a\u0430\u044f \u0432\u043e\u0439\u043d\u0430", "is_correct": true}}, {"model": "tests.answer", "pk": 51, "fields": {"question": 13, "text": "\u0418\u0442\u0430\u043b\u043e-\u0442\u0443\u0440\u0435\u0446\u043a\u0430\u044f \u0432\u043e\u0439\u043d\u0430", "is_correct": false}}, {"model": "tests.answer", "pk": 52, "fields": {"question": 13, "text": "\u0410\u0432\u0441\u0442\u0440\u043e-\u0438\u0442\u0430\u043b\u043e-\u0444\u0440\u0430\u043d\u0446\u0443\u0437\u0441\u043a\u0430\u044f \u0432\u043e\u0439\u043d\u0430", "is_correct": false}}, {"model": "tests.answer", "pk": 53, "fields": {"question": 14, "text": "\u041d\u0435\u0430\u043f\u043e\u043b\u044c", "is_correct": false}}, {"model": "tests.answer", "pk": 54, "fields": {"question": 14, "text": "\u041c\u0430\u043d\u0444\u0440\u0435\u0434\u043e\u043d\u0438\u044f", "is_correct": false}}, {"model": "tests.answer", "pk": 55, "fields": {"question": 14, "text": "\u0412\u0435\u043d\u0435\u0446\u0438\u044f", "is_correct": false}}, {"model": "tests.answer", "pk": 56, "fields": {"question": 14, "text": "\u0424\u043b\u043e\u0440\u0435\u043d\u0446\u0438\u044f", "is_correct": true}}, {"model": "tests.answer", "pk": 57, "fields": {"question": 15, "text": "\u0421\u0430\u0440\u0434\u0438\u043d\u0438\u044f", "is_correct": true}}, {"model": "tests.answer", "pk": 58, "fields": {"question": 15, "text": "\u041f\u0430\u0440\u043c\u0430", "is_correct": false}}, {"model": "tests.answer", "pk": 59, "fields": {"question": 15, "text": "\u0422\u043e\u0441\u043a\u0430\u043d\u0430", "is_correct": false}}, {"model": "tests.answer", "pk": 60, "fields": {"question": 15, "text": "\u041c\u043e\u0434\u0435\u043d\u0430", "is_correct": false}}]